{
  "timestamp": "2025-11-22T19:10:17.184838",
  "experiment_type": "HHL_circuit_depth",
  "parameters": {
    "matrix_sizes": [
      2,
      4,
      8,
      16
    ],
    "num_trials": 5,
    "preprocessing_type": "yalovetzky",
    "use_enhanced_inversion": true
  },
  "results": {
    "matrix_sizes": [
      2,
      4,
      8,
      16
    ],
    "average_circuit_depths": [
      313.8,
      495.4,
      1127.0,
      3210.2
    ],
    "std_circuit_depths": [
      25.599999999999998,
      131.7840658046336,
      73.10266752998827,
      108.47008804274107
    ],
    "average_errors": [
      0.8648354426342078,
      1.1286277930022937,
      1.2662706240907704,
      1.4131508004120956
    ],
    "average_execution_times": [
      0.4582246780395508,
      0.8131889343261719,
      4.218608474731445,
      68.06082239151002
    ],
    "std_execution_times": [
      0.0413718423534688,
      0.04812908894958924,
      0.3557728072995086,
      39.85104295740284
    ]
  }
}