{
  "problem_list": [
    {
      "A_matrix": [
        [
          -0.15487282009275,
          0.2764445413142093,
          0.3412340078136907,
          -0.23464154559975642
        ],
        [
          0.2764445413142093,
          -0.0075230033690514685,
          -0.3670008172965347,
          0.0246832277494743
        ],
        [
          0.3412340078136907,
          -0.3670008172965347,
          -0.3420660752909289,
          -0.22655934966459973
        ],
        [
          -0.23464154559975645,
          0.024683227749474304,
          -0.22655934966459973,
          -0.7455381012472694
        ]
      ],
      "b_vector": [
        0.442957639461282,
        0.4567011847940213,
        0.7122074140453136,
        0.29660269187840055
      ]
    },
    {
      "A_matrix": [
        [
          -0.15487282009275,
          0.2764445413142093,
          0.3412340078136907,
          -0.23464154559975642
        ],
        [
          0.2764445413142093,
          -0.0075230033690514685,
          -0.3670008172965347,
          0.0246832277494743
        ],
        [
          0.3412340078136907,
          -0.3670008172965347,
          -0.3420660752909289,
          -0.22655934966459973
        ],
        [
          -0.23464154559975645,
          0.024683227749474304,
          -0.22655934966459973,
          -0.7455381012472694
        ]
      ],
      "b_vector": [
        -0.1413795895818982,
        0.783034132675255,
        0.03605644209902887,
        0.6046232642715004
      ]
    },
    {
      "A_matrix": [
        [
          -0.15487282009275,
          0.2764445413142093,
          0.3412340078136907,
          -0.23464154559975642
        ],
        [
          0.2764445413142093,
          -0.0075230033690514685,
          -0.3670008172965347,
          0.0246832277494743
        ],
        [
          0.3412340078136907,
          -0.3670008172965347,
          -0.3420660752909289,
          -0.22655934966459973
        ],
        [
          -0.23464154559975645,
          0.024683227749474304,
          -0.22655934966459973,
          -0.7455381012472694
        ]
      ],
      "b_vector": [
        0.1745051383857462,
        0.5081855971112413,
        0.5380926621090386,
        -0.6494240852863948
      ]
    },
    {
      "A_matrix": [
        [
          -0.15487282009275,
          0.2764445413142093,
          0.3412340078136907,
          -0.23464154559975642
        ],
        [
          0.2764445413142093,
          -0.0075230033690514685,
          -0.3670008172965347,
          0.0246832277494743
        ],
        [
          0.3412340078136907,
          -0.3670008172965347,
          -0.3420660752909289,
          -0.22655934966459973
        ],
        [
          -0.23464154559975645,
          0.024683227749474304,
          -0.22655934966459973,
          -0.7455381012472694
        ]
      ],
      "b_vector": [
        -0.40983209065743414,
        0.8345185449924749,
        -0.1380583098372463,
        -0.34140351289329507
      ]
    }
  ],
  "shots": 1000,
  "backend": "sv1",
  "device_arn": "SV1",
  "aws_region": "eu-west-2",
  "problem_source": "torino_N4_matrix_hhl.json",
  "ideal_preprocessing_list": [
    [
      [
        -0.8749999999999997,
        -0.8333333333333333,
        0.20833333333333318,
        0.2500000000000001
      ],
      [
        0.7071067811865475,
        1.7486012637846216e-15,
        0.7071067811865475,
        1.2212453270876722e-15
      ]
    ],
    [
      [
        -0.8749999999999997,
        -0.8333333333333333,
        0.20833333333333318,
        0.2500000000000001
      ],
      [
        0.7071067811865476,
        1.6930901125533637e-15,
        1.4432899320127035e-15,
        0.7071067811865476
      ]
    ],
    [
      [
        -0.8749999999999997,
        -0.8333333333333333,
        0.20833333333333318,
        0.2500000000000001
      ],
      [
        1.6653345369377348e-15,
        0.7071067811865477,
        0.7071067811865475,
        1.27675647831893e-15
      ]
    ],
    [
      [
        -0.8749999999999997,
        -0.8333333333333333,
        0.20833333333333318,
        0.2500000000000001
      ],
      [
        1.6653345369377348e-15,
        0.7071067811865477,
        1.0547118733938987e-15,
        0.7071067811865476
      ]
    ]
  ],
  "probability_threshold": 0,
  "k_qubits": 3,
  "enhanced_ids": [
    "arn:aws:braket:eu-west-2:380012739362:quantum-task/b0520094-e054-4758-b528-5f7fa38c57e6",
    "arn:aws:braket:eu-west-2:380012739362:quantum-task/a6337d3f-45aa-45fd-bc0a-8c1c21762649",
    "arn:aws:braket:eu-west-2:380012739362:quantum-task/18279505-d44b-478a-a084-1959aceeb677",
    "arn:aws:braket:eu-west-2:380012739362:quantum-task/c7dbcf27-f1a0-48a5-bc1c-1575f99e572c"
  ],
  "enhanced_depths": [
    271,
    271,
    271,
    271
  ],
  "enhanced_results": [
    {
      "status": "DONE",
      "counts": {
        "100001": 95,
        "100000": 384,
        "000000": 179,
        "010000": 164,
        "110000": 78,
        "000001": 39,
        "111101": 2,
        "010001": 29,
        "101111": 1,
        "110001": 17,
        "111000": 1,
        "110101": 3,
        "101010": 1,
        "100011": 1,
        "001011": 1,
        "101101": 2,
        "010101": 1,
        "001000": 1,
        "111011": 1
      },
      "probabilities": {
        "100001": 0.095,
        "100000": 0.384,
        "000000": 0.179,
        "010000": 0.164,
        "110000": 0.078,
        "000001": 0.039,
        "111101": 0.002,
        "010001": 0.029,
        "101111": 0.001,
        "110001": 0.017,
        "111000": 0.001,
        "110101": 0.003,
        "101010": 0.001,
        "100011": 0.001,
        "001011": 0.001,
        "101101": 0.002,
        "010101": 0.001,
        "001000": 0.001,
        "111011": 0.001
      },
      "shots": 1000
    },
    {
      "status": "DONE",
      "counts": {
        "010000": 494,
        "110000": 315,
        "010001": 83,
        "000000": 26,
        "110001": 64,
        "010010": 1,
        "111101": 1,
        "101100": 3,
        "101101": 3,
        "100000": 2,
        "010100": 1,
        "101111": 3,
        "111001": 2,
        "100101": 1,
        "110101": 1
      },
      "probabilities": {
        "010000": 0.494,
        "110000": 0.315,
        "010001": 0.083,
        "000000": 0.026,
        "110001": 0.064,
        "010010": 0.001,
        "111101": 0.001,
        "101100": 0.003,
        "101101": 0.003,
        "100000": 0.002,
        "010100": 0.001,
        "101111": 0.003,
        "111001": 0.002,
        "100101": 0.001,
        "110101": 0.001
      },
      "shots": 1000
    },
    {
      "status": "DONE",
      "counts": {
        "100000": 233,
        "010000": 214,
        "110001": 82,
        "000000": 37,
        "110000": 338,
        "100001": 45,
        "010001": 32,
        "000001": 6,
        "001101": 5,
        "101110": 1,
        "101001": 1,
        "001110": 2,
        "001000": 1,
        "011010": 1,
        "111101": 2
      },
      "probabilities": {
        "100000": 0.233,
        "010000": 0.214,
        "110001": 0.082,
        "000000": 0.037,
        "110000": 0.338,
        "100001": 0.045,
        "010001": 0.032,
        "000001": 0.006,
        "001101": 0.005,
        "101110": 0.001,
        "101001": 0.001,
        "001110": 0.002,
        "001000": 0.001,
        "011010": 0.001,
        "111101": 0.002
      },
      "shots": 1000
    },
    {
      "status": "DONE",
      "counts": {
        "010000": 604,
        "110000": 99,
        "010001": 103,
        "000001": 16,
        "000000": 139,
        "100001": 5,
        "110001": 12,
        "111101": 2,
        "100000": 13,
        "110101": 1,
        "000010": 1,
        "001101": 1,
        "101101": 1,
        "000100": 1,
        "101100": 1,
        "101000": 1
      },
      "probabilities": {
        "010000": 0.604,
        "110000": 0.099,