{
  "problem_list": [
    {
      "A_matrix": [
        [
          1.3966212770353215,
          1.809061249599222,
          0.7229036578952858,
          0.9461714075384251
        ],
        [
          1.809061249599222,
          0.17286462430227156,
          0.284531362422344,
          0.6732204104019022
        ],
        [
          0.7229036578952858,
          0.284531362422344,
          1.9119237185580162,
          1.3476419391188
        ],
        [
          0.9461714075384251,
          0.6732204104019022,
          1.3476419391188,
          1.136247038784851
        ]
      ],
      "b_vector": [
        0.4115879218286605,
        0.4588197325457861,
        0.5673079990135537,
        0.546114887076534
      ]
    }
  ],
  "shots": 2000,
  "backend": "sv1",
  "device_arn": "SV1",
  "aws_region": "eu-west-2",
  "ideal_preprocessing_list": [
    [
      [
        -1.1406174489509495,
        0.0217655840154386,
        1.5928315121923944,
        4.143677011423577
      ],
      [
        0.15281362160658896,
        0.049803176771055224,
        0.07949508293365964,
        0.9837927487150733
      ]
    ]
  ],
  "probability_threshold": 0,
  "k_qubits": 4,
  "preprocessing_mode": "ideal",
  "projection_mode": "all_components",
  "projection_subset": null,
  "num_solution_qubits": 2,
  "num_projections": 4,
  "projector_basis_states": [
    0,
    1,
    2,
    3
  ],
  "enhanced_projection_results": [
    {
      "problem_index": 0,
      "projection_tasks": [
        {
          "basis_state": 0,
          "task_id": "arn:aws:braket:eu-west-2:380012739362:quantum-task/9bddd848-84e3-4096-9a17-ab42c76e4d40",
          "shots": 2000,
          "projector_index": 0
        },
        {
          "basis_state": 1,
          "task_id": "arn:aws:braket:eu-west-2:380012739362:quantum-task/252feaa0-7cf5-4c05-a5f0-c5659e163ae3",
          "shots": 2000,
          "projector_index": 1
        },
        {
          "basis_state": 2,
          "task_id": "arn:aws:braket:eu-west-2:380012739362:quantum-task/2cb3a771-59d5-49a2-aff2-ee7cadbe5631",
          "shots": 2000,
          "projector_index": 2
        },
        {
          "basis_state": 3,
          "task_id": "arn:aws:braket:eu-west-2:380012739362:quantum-task/e67b0491-f3e8-4d89-83e6-e17cb284d4a1",
          "shots": 2000,
          "projector_index": 3
        }
      ],
      "depth": 446,
      "num_projections": 4,
      "ideal_solution": [
        {
          "real": -0.14477949031457876,
          "imag": 0.0
        },
        {
          "real": -0.08189400600103566,
          "imag": 0.0
        },
        {
          "real": -0.42985924188289054,
          "imag": 0.0
        },
        {
          "real": 0.8874419998699744,
          "imag": 0.0
        }
      ]
    }
  ]
}