{
  "problem_list": [
    {
      "A_matrix": [
        [
          1.1205032862570192,
          0.9301797684505123,
          1.0027090540305648,
          1.2344241232616886
        ],
        [
          0.9301797684505123,
          1.2529348393284818,
          0.5921092468125361,
          0.3882681890957751
        ],
        [
          1.0027090540305648,
          0.5921092468125361,
          1.4066936694141567,
          1.281457862338411
        ],
        [
          1.2344241232616886,
          0.3882681890957751,
          1.281457862338411,
          0.5104427805247853
        ]
      ],
      "b_vector": [
        0.559995901251307,
        0.38415630218179897,
        0.4765977734325952,
        0.5582858483204062
      ]
    }
  ],
  "shots": 2000,
  "backend": "sv1",
  "device_arn": "SV1",
  "aws_region": "eu-west-2",
  "ideal_preprocessing_list": [
    [
      [
        -0.6408198524694473,
        0.16200942225107523,
        0.9132674174145845,
        3.856117588328231
      ],
      [
        0.09730882970199572,
        0.08390342185637341,
        0.0031547401954806487,
        0.9917062342635135
      ]
    ]
  ],
  "probability_threshold": 0,
  "k_qubits": 4,
  "preprocessing_mode": "ideal",
  "projection_mode": "all_components",
  "projection_subset": null,
  "num_solution_qubits": 2,
  "num_projections": 4,
  "projector_basis_states": [
    0,
    1,
    2,
    3
  ],
  "enhanced_projection_results": [
    {
      "problem_index": 0,
      "projection_tasks": [
        {
          "basis_state": 0,
          "task_id": "arn:aws:braket:eu-west-2:380012739362:quantum-task/e8c6e8cf-9063-4334-bb8a-6918e64f749d",
          "shots": 2000,
          "projector_index": 0
        },
        {
          "basis_state": 1,
          "task_id": "arn:aws:braket:eu-west-2:380012739362:quantum-task/1d5550ee-96f2-4f6e-af0b-7dc44e00ce39",
          "shots": 2000,
          "projector_index": 1
        },
        {
          "basis_state": 2,
          "task_id": "arn:aws:braket:eu-west-2:380012739362:quantum-task/dc45d5e8-a0be-4646-8d12-897deae9032e",
          "shots": 2000,
          "projector_index": 2
        },
        {
          "basis_state": 3,
          "task_id": "arn:aws:braket:eu-west-2:380012739362:quantum-task/e30d9aa7-fb39-4e27-9e0f-b9a5b812600c",
          "shots": 2000,
          "projector_index": 3
        }
      ],
      "depth": 446,
      "num_projections": 4,
      "ideal_solution": [
        {
          "real": 0.948754218511103,
          "imag": 0.0
        },
        {
          "real": -0.1471108350524392,
          "imag": 0.0
        },
        {
          "real": -0.21289040381279317,
          "imag": 0.0
        },
        {
          "real": 0.18138773671884756,
          "imag": 0.0
        }
      ]
    }
  ]
}