{
  "problem_list": [
    {
      "A_matrix": [
        [
          0.9233255943937371,
          1.1448835885203203,
          0.34741333675310626,
          0.2055871444834898
        ],
        [
          1.1448835885203203,
          0.9338571499348152,
          1.3002686112721529,
          1.1453102058185776
        ],
        [
          0.34741333675310626,
          1.3002686112721529,
          1.6680137701548783,
          1.2318150017677572
        ],
        [
          0.2055871444834898,
          1.1453102058185776,
          1.2318150017677572,
          1.0809044715399136
        ]
      ],
      "b_vector": [
        0.04804823651572862,
        0.3424223829313111,
        0.7386220974825347,
        0.5786844353755094
      ]
    }
  ],
  "shots": 2000,
  "backend": "sv1",
  "device_arn": "SV1",
  "aws_region": "eu-west-2",
  "ideal_preprocessing_list": [
    [
      [
        -0.6007455414408849,
        0.12169762084128397,
        1.0665639782815424,
        4.018584928341403
      ],
      [
        0.08926429129574873,
        0.03112293565060481,
        0.34725898124973886,
        0.9329922020667425
      ]
    ]
  ],
  "probability_threshold": 0,
  "k_qubits": 5,
  "preprocessing_mode": "ideal",
  "projection_mode": "all_components",
  "projection_subset": null,
  "num_solution_qubits": 2,
  "num_projections": 4,
  "projector_basis_states": [
    0,
    1,
    2,
    3
  ],
  "enhanced_projection_results": [
    {
      "problem_index": 0,
      "projection_tasks": [
        {
          "basis_state": 0,
          "task_id": "arn:aws:braket:eu-west-2:380012739362:quantum-task/a02cca3c-d56d-4d7d-be5d-e6a9147af72a",
          "shots": 2000,
          "projector_index": 0
        },
        {
          "basis_state": 1,
          "task_id": "arn:aws:braket:eu-west-2:380012739362:quantum-task/72a4a16c-5a14-4029-81c1-021a7bfc8908",
          "shots": 2000,
          "projector_index": 1
        },
        {
          "basis_state": 2,
          "task_id": "arn:aws:braket:eu-west-2:380012739362:quantum-task/d7351338-a501-4115-b7a7-1f0709fa0237",
          "shots": 2000,
          "projector_index": 2
        },
        {
          "basis_state": 3,
          "task_id": "arn:aws:braket:eu-west-2:380012739362:quantum-task/c35e97ed-77a9-4ecb-b6c5-37e6faa49e85",
          "shots": 2000,
          "projector_index": 3
        }
      ],
      "depth": 664,
      "num_projections": 4,
      "ideal_solution": [
        {
          "real": -0.5076201608882658,
          "imag": 0.0
        },
        {
          "real": 0.24909602562390626,
          "imag": 0.0
        },
        {
          "real": 0.8242290903788255,
          "imag": 0.0
        },
        {
          "real": -0.0303207660101,
          "imag": 0.0
        }
      ]
    }
  ]
}