{
  "problem_list": [
    {
      "A_matrix": [
        [
          1.8906620284159403,
          1.5910930184881933,
          0.128133424818902,
          1.1682394486422374
        ],
        [
          1.5910930184881933,
          1.8573947716381178,
          0.3846389739458863,
          0.8947223649967665
        ],
        [
          0.128133424818902,
          0.3846389739458863,
          0.6169966874282666,
          0.8604308978745279
        ],
        [
          1.1682394486422374,
          0.8947223649967665,
          0.8604308978745279,
          0.9479543470476026
        ]
      ],
      "b_vector": [
        0.4220211017705786,
        0.1382976463477455,
        0.7224912224685416,
        0.5298852556270396
      ]
    }
  ],
  "shots": 2000,
  "backend": "sv1",
  "device_arn": "SV1",
  "aws_region": "eu-west-2",
  "ideal_preprocessing_list": [
    [
      [
        -0.34973210612048916,
        0.3818059269379379,
        1.0133851749341414,
        4.267548838778339
      ],
      [
        0.2277249895021468,
        0.15479186347220553,
        0.6372188058184856,
        0.7198145606128791
      ]
    ]
  ],
  "probability_threshold": 0,
  "k_qubits": 4,
  "preprocessing_mode": "ideal",
  "projection_mode": "all_components",
  "projection_subset": null,
  "num_solution_qubits": 2,
  "num_projections": 4,
  "projector_basis_states": [
    0,
    1,
    2,
    3
  ],
  "enhanced_projection_results": [
    {
      "problem_index": 0,
      "projection_tasks": [
        {
          "basis_state": 0,
          "task_id": "arn:aws:braket:eu-west-2:380012739362:quantum-task/834ce880-c207-453e-a67c-418f3c653112",
          "shots": 2000,
          "projector_index": 0
        },
        {
          "basis_state": 1,
          "task_id": "arn:aws:braket:eu-west-2:380012739362:quantum-task/c07836db-fbfc-47e1-b7e0-aef3f7085fc5",
          "shots": 2000,
          "projector_index": 1
        },
        {
          "basis_state": 2,
          "task_id": "arn:aws:braket:eu-west-2:380012739362:quantum-task/efe99805-1432-4812-b1a1-ec949aab343e",
          "shots": 2000,
          "projector_index": 2
        },
        {
          "basis_state": 3,
          "task_id": "arn:aws:braket:eu-west-2:380012739362:quantum-task/f0185f25-31b2-488a-9488-d13b19676e61",
          "shots": 2000,
          "projector_index": 3
        }
      ],
      "depth": 446,
      "num_projections": 4,
      "ideal_solution": [
        {
          "real": -0.13876359724936285,
          "imag": 0.0
        },
        {
          "real": -0.27286939377480296,
          "imag": 0.0
        },
        {
          "real": 0.03619586552582989,
          "imag": 0.0
        },
        {
          "real": 0.9513026949074749,
          "imag": 0.0
        }
      ]
    }
  ]
}