{
  "problem_list": [
    {
      "A_matrix": [
        [
          0.35151637450136386,
          0.9616209673230839,
          0.1686993125602957,
          0.8489018607412484
        ],
        [
          0.9616209673230839,
          1.11670152390988,
          0.46700319863540707,
          0.3665362472753292
        ],
        [
          0.1686993125602957,
          0.46700319863540707,
          0.5946615815116914,
          1.1519732938928735
        ],
        [
          0.8489018607412484,
          0.3665362472753292,
          1.1519732938928735,
          1.2572553653502363
        ]
      ],
      "b_vector": [
        0.5465106269823616,
        0.38334106386922484,
        0.7377762516232599,
        0.10030935094840067
      ]
    }
  ],
  "shots": 2000,
  "backend": "sv1",
  "device_arn": "SV1",
  "aws_region": "eu-west-2",
  "ideal_preprocessing_list": [
    [
      [
        -0.7113951047447252,
        0.08542171631616477,
        1.0477923905018889,
        2.8983158431998444
      ],
      [
        0.5129665383854197,
        0.2792212162956648,
        0.12489478013527716,
        0.8020611801865308
      ]
    ]
  ],
  "probability_threshold": 0,
  "k_qubits": 5,
  "preprocessing_mode": "ideal",
  "projection_mode": "all_components",
  "projection_subset": null,
  "num_solution_qubits": 2,
  "num_projections": 4,
  "projector_basis_states": [
    0,
    1,
    2,
    3
  ],
  "enhanced_projection_results": [
    {
      "problem_index": 0,
      "projection_tasks": [
        {
          "basis_state": 0,
          "task_id": "arn:aws:braket:eu-west-2:380012739362:quantum-task/150e15fa-d97f-4de8-a4b3-101df259b3d0",
          "shots": 2000,
          "projector_index": 0
        },
        {
          "basis_state": 1,
          "task_id": "arn:aws:braket:eu-west-2:380012739362:quantum-task/a322e534-e065-4a00-b94e-85d6f69206c1",
          "shots": 2000,
          "projector_index": 1
        },
        {
          "basis_state": 2,
          "task_id": "arn:aws:braket:eu-west-2:380012739362:quantum-task/e7cf0e7c-1538-48f1-8ba1-8ac25a13d57f",
          "shots": 2000,
          "projector_index": 2
        },
        {
          "basis_state": 3,
          "task_id": "arn:aws:braket:eu-west-2:380012739362:quantum-task/7b53d47e-88a0-42e5-b47d-645d0a5121ff",
          "shots": 2000,
          "projector_index": 3
        }
      ],
      "depth": 716,
      "num_projections": 4,
      "ideal_solution": [
        {
          "real": -0.638470543719521,
          "imag": 0.0
        },
        {
          "real": 0.4825589874651942,
          "imag": 0.0
        },
        {
          "real": 0.564228010253912,
          "imag": 0.0
        },
        {
          "real": -0.20282736714747587,
          "imag": 0.0
        }
      ]
    }
  ]
}