{
  "problem_list": [
    {
      "A_matrix": [
        [
          1.4396520570545324,
          1.2516946932206685
        ],
        [
          1.2516946932206685,
          0.9410600516792245
        ]
      ],
      "b_vector": [
        0.714782617188815,
        0.6993467024049718
      ]
    }
  ],
  "shots": 2000,
  "backend": "sv1",
  "device_arn": "SV1",
  "aws_region": "eu-west-2",
  "ideal_preprocessing_list": [
    [
      [
        -0.08592295196082365,
        2.4666350606945806
      ],
      [
        0.08727091257807518,
        0.9961846153288005
      ]
    ]
  ],
  "probability_threshold": 0,
  "k_qubits": 3,
  "preprocessing_mode": "ideal",
  "projection_mode": "all_components",
  "projection_subset": null,
  "num_solution_qubits": 1,
  "num_projections": 2,
  "projector_basis_states": [
    0,
    1
  ],
  "enhanced_projection_results": [
    {
      "problem_index": 0,
      "projection_tasks": [
        {
          "basis_state": 0,
          "task_id": "arn:aws:braket:eu-west-2:380012739362:quantum-task/7ee44283-457d-4475-a8dd-316332c43c90",
          "shots": 2000,
          "projector_index": 0
        },
        {
          "basis_state": 1,
          "task_id": "arn:aws:braket:eu-west-2:380012739362:quantum-task/6bd3fa26-d3de-40a8-910e-ca207f736a3a",
          "shots": 2000,
          "projector_index": 1
        }
      ],
      "depth": 142,
      "num_projections": 2,
      "ideal_solution": [
        {
          "real": 0.8750596530127819,
          "imag": 0.0
        },
        {
          "real": -0.48401508619995504,
          "imag": 0.0
        }
      ]
    }
  ]
}