{
  "problem_list": [
    {
      "A_matrix": [
        [
          0.6925707421712954,
          0.663903981875191,
          1.6420413633211826,
          1.272211597433579
        ],
        [
          0.663903981875191,
          0.26620719152130823,
          1.1283155167394594,
          0.6001314589044263
        ],
        [
          1.6420413633211826,
          1.1283155167394594,
          1.147975129853192,
          1.362682829413298
        ],
        [
          1.272211597433579,
          0.6001314589044263,
          1.362682829413298,
          0.23061108939005992
        ]
      ],
      "b_vector": [
        0.06487055626612757,
        0.8596167811658874,
        0.10205225596354262,
        0.4964233450599134
      ]
    }
  ],
  "shots": 2000,
  "backend": "sv1",
  "device_arn": "SV1",
  "aws_region": "eu-west-2",
  "ideal_preprocessing_list": [
    [
      [
        -0.8446180102589702,
        -0.8043807190500083,
        -0.14072274360104944,
        4.127085625845885
      ],
      [
        0.024951355065207542,
        0.5390312703038092,
        0.5720833801798969,
        0.6176919342496028
      ]
    ]
  ],
  "probability_threshold": 0,
  "k_qubits": 3,
  "preprocessing_mode": "ideal",
  "projection_mode": "all_components",
  "projection_subset": null,
  "num_solution_qubits": 2,
  "num_projections": 4,
  "projector_basis_states": [
    0,
    1,
    2,
    3
  ],
  "enhanced_projection_results": [
    {
      "problem_index": 0,
      "projection_tasks": [
        {
          "basis_state": 0,
          "task_id": "arn:aws:braket:eu-west-2:380012739362:quantum-task/a5fbdace-b2dc-429c-b9e3-de13af0bc8f8",
          "shots": 2000,
          "projector_index": 0
        },
        {
          "basis_state": 1,
          "task_id": "arn:aws:braket:eu-west-2:380012739362:quantum-task/9881afcd-187e-4f13-8d77-b102c070401a",
          "shots": 2000,
          "projector_index": 1
        },
        {
          "basis_state": 2,
          "task_id": "arn:aws:braket:eu-west-2:380012739362:quantum-task/5e043935-fdd7-4c97-b2ee-6011c0693087",
          "shots": 2000,
          "projector_index": 2
        },
        {
          "basis_state": 3,
          "task_id": "arn:aws:braket:eu-west-2:380012739362:quantum-task/fda46737-83f7-43b0-83c4-450c53a3d473",
          "shots": 2000,
          "projector_index": 3
        }
      ],
      "depth": 306,
      "num_projections": 4,
      "ideal_solution": [
        {
          "real": 0.4385991366861762,
          "imag": 0.0
        },
        {
          "real": -0.8780860974349232,
          "imag": 0.0
        },
        {
          "real": 0.0337235292087615,
          "imag": 0.0
        },
        {
          "real": 0.18830381400107965,
          "imag": 0.0
        }
      ]
    }
  ]
}