{
  "problem_list": [
    {
      "A_matrix": [
        [
          1.1959687225119646,
          0.8472726204162936
        ],
        [
          0.8472726204162936,
          0.36290216637333716
        ]
      ],
      "b_vector": [
        0.4038807449931867,
        0.9148116439047704
      ]
    }
  ],
  "shots": 2000,
  "backend": "sv1",
  "device_arn": "SV1",
  "aws_region": "eu-west-2",
  "ideal_preprocessing_list": [
    [
      [
        -0.16468894622113284,
        1.7235598351064347
      ],
      [
        0.5630752630508506,
        0.826405619620423
      ]
    ]
  ],
  "probability_threshold": 0,
  "k_qubits": 4,
  "preprocessing_mode": "ideal",
  "projection_mode": "all_components",
  "projection_subset": null,
  "num_solution_qubits": 1,
  "num_projections": 2,
  "projector_basis_states": [
    0,
    1
  ],
  "enhanced_projection_results": [
    {
      "problem_index": 0,
      "projection_tasks": [
        {
          "basis_state": 0,
          "task_id": "arn:aws:braket:eu-west-2:380012739362:quantum-task/c2d58407-7966-49e7-9099-573562c9d633",
          "shots": 2000,
          "projector_index": 0
        },
        {
          "basis_state": 1,
          "task_id": "arn:aws:braket:eu-west-2:380012739362:quantum-task/a2bc05c7-7011-484c-8c3a-00078b450a65",
          "shots": 2000,
          "projector_index": 1
        }
      ],
      "depth": 223,
      "num_projections": 2,
      "ideal_solution": [
        {
          "real": 0.6413588597589025,
          "imag": 0.0
        },
        {
          "real": -0.7672410397057502,
          "imag": 0.0
        }
      ]
    }
  ]
}