{
  "problem_list": [
    {
      "A_matrix": [
        [
          0.7601507223302488,
          1.0302539557648553,
          1.501983853989124,
          0.9999360590331039
        ],
        [
          1.0302539557648553,
          0.606684181434469,
          0.7492498723722414,
          0.5133014816325141
        ],
        [
          1.501983853989124,
          0.7492498723722414,
          1.852794851558948,
          1.0640649701298284
        ],
        [
          0.9999360590331039,
          0.5133014816325141,
          1.0640649701298284,
          1.9577387080734465
        ]
      ],
      "b_vector": [
        0.5820207814538878,
        0.14786486641257934,
        0.6270555329115541,
        0.4961745155503282
      ]
    }
  ],
  "shots": 2000,
  "backend": "sv1",
  "device_arn": "SV1",
  "aws_region": "eu-west-2",
  "ideal_preprocessing_list": [
    [
      [
        -0.5473104065255742,
        0.3229501357070173,
        1.0027801451555216,
        4.398948589060145
      ],
      [
        0.15722139104314503,
        0.1285771325361525,
        0.011864522637084207,
        0.9790855878266382
      ]
    ]
  ],
  "probability_threshold": 0,
  "k_qubits": 6,
  "preprocessing_mode": "ideal",
  "projection_mode": "all_components",
  "projection_subset": null,
  "num_solution_qubits": 2,
  "num_projections": 4,
  "projector_basis_states": [
    0,
    1,
    2,
    3
  ],
  "enhanced_projection_results": [
    {
      "problem_index": 0,
      "projection_tasks": [
        {
          "basis_state": 0,
          "task_id": "arn:aws:braket:eu-west-2:380012739362:quantum-task/a74fa5ea-ff74-4a89-bd50-627ecb4f2b71",
          "shots": 2000,
          "projector_index": 0
        },
        {
          "basis_state": 1,
          "task_id": "arn:aws:braket:eu-west-2:380012739362:quantum-task/933769e2-d149-40c5-a9f3-43d6545ed2e3",
          "shots": 2000,
          "projector_index": 1
        },
        {
          "basis_state": 2,
          "task_id": "arn:aws:braket:eu-west-2:380012739362:quantum-task/eb8bc4cd-f975-4075-8ccd-e603ed62085e",
          "shots": 2000,
          "projector_index": 2
        },
        {
          "basis_state": 3,
          "task_id": "arn:aws:braket:eu-west-2:380012739362:quantum-task/4a766c14-5321-49d5-b3c5-179d31b979d9",
          "shots": 2000,
          "projector_index": 3
        }
      ],
      "depth": 958,
      "num_projections": 4,
      "ideal_solution": [
        {
          "real": -0.38662185376483965,
          "imag": 0.0
        },
        {
          "real": -0.17213264890869853,
          "imag": 0.0
        },
        {
          "real": 0.8743700893869557,
          "imag": 0.0
        },
        {
          "real": 0.23742544125800993,
          "imag": 0.0
        }
      ]
    }
  ]
}