{
  "problem_list": [
    {
      "A_matrix": [
        [
          1.3944057400665983,
          1.0936341583375384,
          1.0608572286190507,
          0.8115666183834662
        ],
        [
          1.0936341583375384,
          0.6287373973091208,
          0.8280700924544543,
          0.41419033728236965
        ],
        [
          1.0608572286190507,
          0.8280700924544543,
          0.8303841874615934,
          1.1378582265423869
        ],
        [
          0.8115666183834662,
          0.41419033728236965,
          1.1378582265423869,
          1.342523478647812
        ]
      ],
      "b_vector": [
        0.3658955742881052,
        0.11791544557328969,
        0.8952065129637048,
        0.22543663313444545
      ]
    }
  ],
  "shots": 2000,
  "backend": "sv1",
  "device_arn": "SV1",
  "aws_region": "eu-west-2",
  "ideal_preprocessing_list": [
    [
      [
        -0.31595359660072636,
        -0.08240814597838222,
        0.8081138475997491,
        3.786298698464483
      ],
      [
        0.5105374252909882,
        0.22344476329142007,
        0.0720101023629787,
        0.8271871132292641
      ]
    ]
  ],
  "probability_threshold": 0,
  "k_qubits": 7,
  "preprocessing_mode": "ideal",
  "projection_mode": "all_components",
  "projection_subset": null,
  "num_solution_qubits": 2,
  "num_projections": 4,
  "projector_basis_states": [
    0,
    1,
    2,
    3
  ],
  "enhanced_projection_results": [
    {
      "problem_index": 0,
      "projection_tasks": [
        {
          "basis_state": 0,
          "task_id": "arn:aws:braket:eu-west-2:380012739362:quantum-task/5a0efccc-5ffc-410d-b627-f04e38800153",
          "shots": 2000,
          "projector_index": 0
        },
        {
          "basis_state": 1,
          "task_id": "arn:aws:braket:eu-west-2:380012739362:quantum-task/8d3007fd-e953-457b-b91b-36baeb44134d",
          "shots": 2000,
          "projector_index": 1
        },
        {
          "basis_state": 2,
          "task_id": "arn:aws:braket:eu-west-2:380012739362:quantum-task/cf0a83d6-9c27-4cb5-8611-5caf1c9ead58",
          "shots": 2000,
          "projector_index": 2
        },
        {
          "basis_state": 3,
          "task_id": "arn:aws:braket:eu-west-2:380012739362:quantum-task/486acb19-a960-45cb-8bd2-9ef80fbfaa11",
          "shots": 2000,
          "projector_index": 3
        }
      ],
      "depth": 1669,
      "num_projections": 4,
      "ideal_solution": [
        {
          "real": 0.5221247398426248,
          "imag": 0.0
        },
        {
          "real": -0.1484307577699668,
          "imag": 0.0
        },
        {
          "real": -0.7350729887756017,
          "imag": 0.0
        },
        {
          "real": 0.4062287131218188,
          "imag": 0.0
        }
      ]
    }
  ]
}