{
  "problem_list": [
    {
      "A_matrix": [
        [
          1.2797198265218312,
          0.6647293107021895,
          0.5863419763642784,
          0.6322183132932633
        ],
        [
          0.6647293107021895,
          1.2168316547350797,
          0.9846453807940342,
          0.8388389271942219
        ],
        [
          0.5863419763642784,
          0.9846453807940342,
          1.1768639143490514,
          1.459301287804257
        ],
        [
          0.6322183132932633,
          0.8388389271942219,
          1.459301287804257,
          0.9818414490589169
        ]
      ],
      "b_vector": [
        0.4631479265253774,
        0.47280761034666385,
        0.5591487391590517,
        0.49929915807095426
      ]
    }
  ],
  "shots": 2000,
  "backend": "sv1",
  "device_arn": "SV1",
  "aws_region": "eu-west-2",
  "ideal_preprocessing_list": [
    [
      [
        -0.39117571525246597,
        0.4037546702628344,
        0.8464970688557506,
        3.796180820798762
      ],
      [
        0.020827431439876143,
        0.018082015708841825,
        0.0720257862272417,
        0.9970213362440496
      ]
    ]
  ],
  "probability_threshold": 0,
  "k_qubits": 4,
  "preprocessing_mode": "ideal",
  "projection_mode": "all_components",
  "projection_subset": null,
  "num_solution_qubits": 2,
  "num_projections": 4,
  "projector_basis_states": [
    0,
    1,
    2,
    3
  ],
  "enhanced_projection_results": [
    {
      "problem_index": 0,
      "projection_tasks": [
        {
          "basis_state": 0,
          "task_id": "arn:aws:braket:eu-west-2:380012739362:quantum-task/a57e1290-1dd9-4c7b-ac5f-bb4c44ebc5b3",
          "shots": 2000,
          "projector_index": 0
        },
        {
          "basis_state": 1,
          "task_id": "arn:aws:braket:eu-west-2:380012739362:quantum-task/ff130ddb-dec7-4b00-8249-cbc2f140db65",
          "shots": 2000,
          "projector_index": 1
        },
        {
          "basis_state": 2,
          "task_id": "arn:aws:braket:eu-west-2:380012739362:quantum-task/b9e84628-07a8-4ccc-86f5-c97184c5f603",
          "shots": 2000,
          "projector_index": 2
        },
        {
          "basis_state": 3,
          "task_id": "arn:aws:braket:eu-west-2:380012739362:quantum-task/35b52311-d6ff-44fa-9493-ad57fc5fdd50",
          "shots": 2000,
          "projector_index": 3
        }
      ],
      "depth": 446,
      "num_projections": 4,
      "ideal_solution": [
        {
          "real": 0.654865823497258,
          "imag": 0.0
        },
        {
          "real": 0.332679430646408,
          "imag": 0.0
        },
        {
          "real": 0.3266143620405581,
          "imag": 0.0
        },
        {
          "real": 0.5948093880806516,
          "imag": 0.0
        }
      ]
    }
  ]
}