{
  "problem_list": [
    {
      "A_matrix": [
        [
          0.039558885889506845,
          1.2174557625846067
        ],
        [
          1.2174557625846067,
          1.8072429861043344
        ]
      ],
      "b_vector": [
        0.25138893264991935,
        0.9678861526755791
      ]
    }
  ],
  "shots": 3000,
  "backend": "sv1",
  "device_arn": "SV1",
  "aws_region": "eu-west-2",
  "ideal_preprocessing_list": [
    [
      [
        -0.5810508922078054,
        2.4278527642016465
      ],
      [
        0.21560345387623955,
        0.9764810037459182
      ]
    ]
  ],
  "probability_threshold": 0,
  "k_qubits": 7,
  "preprocessing_mode": "ideal",
  "projection_mode": "all_components",
  "projection_subset": null,
  "num_solution_qubits": 1,
  "num_projections": 2,
  "projector_basis_states": [
    0,
    1
  ],
  "enhanced_projection_results": [
    {
      "problem_index": 0,
      "projection_tasks": [
        {
          "basis_state": 0,
          "task_id": "arn:aws:braket:eu-west-2:380012739362:quantum-task/0c73becd-378e-421a-9719-969617777780",
          "shots": 3000,
          "projector_index": 0
        },
        {
          "basis_state": 1,
          "task_id": "arn:aws:braket:eu-west-2:380012739362:quantum-task/b37ae54c-5667-4551-9817-bb947934ecad",
          "shots": 3000,
          "projector_index": 1
        }
      ],
      "depth": 816,
      "num_projections": 2,
      "ideal_solution": [
        {
          "real": 0.9379155991517216,
          "imag": 0.0
        },
        {
          "real": 0.3468635594406923,
          "imag": 0.0
        }
      ]
    }
  ]
}