{
  "problem_list": [
    {
      "A_matrix": [
        [
          1.8701148449576195,
          0.8025316224413838,
          0.6639651348000775,
          0.989685958591208
        ],
        [
          0.8025316224413838,
          1.279713830678328,
          0.6984564900189913,
          0.9231503302153091
        ],
        [
          0.6639651348000775,
          0.6984564900189913,
          0.20467572201145812,
          1.5996764798425036
        ],
        [
          0.989685958591208,
          0.9231503302153091,
          1.5996764798425036,
          1.1310400237250358
        ]
      ],
      "b_vector": [
        0.27123891935781647,
        0.7084413126312497,
        0.29212569328450105,
        0.5824113104207074
      ]
    }
  ],
  "shots": 3000,
  "backend": "sv1",
  "device_arn": "SV1",
  "aws_region": "eu-west-2",
  "ideal_preprocessing_list": [
    [
      [
        -0.999297509626821,
        0.5329018334136252,
        0.9204153002053155,
        4.031524797380319
      ],
      [
        0.11888660771278153,
        0.26200648289716316,
        0.2645411647636082,
        0.9204545342231303
      ]
    ]
  ],
  "probability_threshold": 0,
  "k_qubits": 7,
  "preprocessing_mode": "ideal",
  "projection_mode": "all_components",
  "projection_subset": null,
  "num_solution_qubits": 2,
  "num_projections": 4,
  "projector_basis_states": [
    0,
    1,
    2,
    3
  ],
  "enhanced_projection_results": [
    {
      "problem_index": 0,
      "projection_tasks": [
        {
          "basis_state": 0,
          "task_id": "arn:aws:braket:eu-west-2:380012739362:quantum-task/9aa534bd-f15c-4b2b-882f-5da28d483af1",
          "shots": 3000,
          "projector_index": 0
        },
        {
          "basis_state": 1,
          "task_id": "arn:aws:braket:eu-west-2:380012739362:quantum-task/3db73c11-205d-4172-89e1-8290269b520a",
          "shots": 3000,
          "projector_index": 1
        },
        {
          "basis_state": 2,
          "task_id": "arn:aws:braket:eu-west-2:380012739362:quantum-task/91a1a4fa-a74a-4195-9063-3bfe0d58d7ac",
          "shots": 3000,
          "projector_index": 2
        },
        {
          "basis_state": 3,
          "task_id": "arn:aws:braket:eu-west-2:380012739362:quantum-task/d905fa6e-11ea-463a-bb48-6d51807c2970",
          "shots": 3000,
          "projector_index": 3
        }
      ],
      "depth": 1839,
      "num_projections": 4,
      "ideal_solution": [
        {
          "real": -0.21990570103015875,
          "imag": 0.0
        },
        {
          "real": 0.9505117658539504,
          "imag": 0.0
        },
        {
          "real": 0.2115020354395512,
          "imag": 0.0
        },
        {
          "real": -0.05861531056444366,
          "imag": 0.0
        }
      ]
    }
  ]
}