{
  "problem_list": [
    {
      "A_matrix": [
        [
          0.1846618455971516,
          0.23805593131193348
        ],
        [
          0.23805593131193348,
          0.07823156882873672
        ]
      ],
      "b_vector": [
        0.6901931614098998,
        0.7236251791798072
      ]
    }
  ],
  "shots": 3000,
  "backend": "sv1",
  "device_arn": "SV1",
  "aws_region": "eu-west-2",
  "ideal_preprocessing_list": [
    [
      [
        -0.11248458923349862,
        0.3753780036593869
      ],
      [
        0.13320749626158973,
        0.9910881711228919
      ]
    ]
  ],
  "probability_threshold": 0,
  "k_qubits": 7,
  "preprocessing_mode": "ideal",
  "projection_mode": "all_components",
  "projection_subset": null,
  "num_solution_qubits": 1,
  "num_projections": 2,
  "projector_basis_states": [
    0,
    1
  ],
  "enhanced_projection_results": [
    {
      "problem_index": 0,
      "projection_tasks": [
        {
          "basis_state": 0,
          "task_id": "arn:aws:braket:eu-west-2:380012739362:quantum-task/2200bc86-f808-4f63-85de-78f02674a848",
          "shots": 3000,
          "projector_index": 0
        },
        {
          "basis_state": 1,
          "task_id": "arn:aws:braket:eu-west-2:380012739362:quantum-task/16e6a80f-12af-4d74-bbda-b89d512ad9ff",
          "shots": 3000,
          "projector_index": 1
        }
      ],
      "depth": 817,
      "num_projections": 2,
      "ideal_solution": [
        {
          "real": 0.9679641947031697,
          "imag": 0.0
        },
        {
          "real": 0.25108826689561586,
          "imag": 0.0
        }
      ]
    }
  ]
}