{
  "problem_list": [
    {
      "A_matrix": [
        [
          0.17865810873335453,
          0.2552948337395773
        ],
        [
          0.2552948337395773,
          1.3617408930622061
        ]
      ],
      "b_vector": [
        0.5077507272996681,
        0.8615040330298276
      ]
    }
  ],
  "shots": 3000,
  "backend": "sv1",
  "device_arn": "SV1",
  "aws_region": "eu-west-2",
  "ideal_preprocessing_list": [
    [
      [
        0.12591953785535775,
        1.414479463940203
      ],
      [
        0.32296280729845395,
        0.9464116573150935
      ]
    ]
  ],
  "probability_threshold": 0,
  "k_qubits": 7,
  "preprocessing_mode": "ideal",
  "projection_mode": "all_components",
  "projection_subset": null,
  "num_solution_qubits": 1,
  "num_projections": 2,
  "projector_basis_states": [
    0,
    1
  ],
  "enhanced_projection_results": [
    {
      "problem_index": 0,
      "projection_tasks": [
        {
          "basis_state": 0,
          "task_id": "arn:aws:braket:eu-west-2:380012739362:quantum-task/5321a16e-cf73-43f8-8e3a-465fe200adbf",
          "shots": 3000,
          "projector_index": 0
        },
        {
          "basis_state": 1,
          "task_id": "arn:aws:braket:eu-west-2:380012739362:quantum-task/739cb5d3-8d02-4e8d-a135-bdb4adfa43c1",
          "shots": 3000,
          "projector_index": 1
        }
      ],
      "depth": 818,
      "num_projections": 2,
      "ideal_solution": [
        {
          "real": 0.9986757516622502,
          "imag": 0.0
        },
        {
          "real": 0.051446506604817255,
          "imag": 0.0
        }
      ]
    }
  ]
}