{
  "problem_list": [
    {
      "A_matrix": [
        [
          1.8843025435665903,
          1.270351809159244
        ],
        [
          1.270351809159244,
          0.9940929488240051
        ]
      ],
      "b_vector": [
        0.21701923171684107,
        0.9761673284150787
      ]
    }
  ],
  "shots": 3000,
  "backend": "sv1",
  "device_arn": "SV1",
  "aws_region": "eu-west-2",
  "ideal_preprocessing_list": [
    [
      [
        0.09312493996336733,
        2.785270552427228
      ],
      [
        0.670694385393537,
        0.7417338076436761
      ]
    ]
  ],
  "probability_threshold": 0,
  "k_qubits": 7,
  "preprocessing_mode": "ideal",
  "projection_mode": "all_components",
  "projection_subset": null,
  "num_solution_qubits": 1,
  "num_projections": 2,
  "projector_basis_states": [
    0,
    1
  ],
  "enhanced_projection_results": [
    {
      "problem_index": 0,
      "projection_tasks": [
        {
          "basis_state": 0,
          "task_id": "arn:aws:braket:eu-west-2:380012739362:quantum-task/e20abbd6-bd07-4a40-aec5-716c54dd9bec",
          "shots": 3000,
          "projector_index": 0
        },
        {
          "basis_state": 1,
          "task_id": "arn:aws:braket:eu-west-2:380012739362:quantum-task/a1745741-1a2b-4680-8edb-16d9b44e4a32",
          "shots": 3000,
          "projector_index": 1
        }
      ],
      "depth": 817,
      "num_projections": 2,
      "ideal_solution": [
        {
          "real": -0.5479675105664424,
          "imag": 0.0
        },
        {
          "real": 0.8364996158777454,
          "imag": 0.0
        }
      ]
    }
  ]
}