{
  "problem_list": [
    {
      "A_matrix": [
        [
          1.5442766327886648,
          1.1178381548833662,
          0.7200089280552714,
          0.548724302013558
        ],
        [
          1.1178381548833662,
          0.5058793707720686,
          1.0597244346123489,
          0.9783783079560756
        ],
        [
          0.7200089280552714,
          1.0597244346123489,
          1.5900912476480975,
          1.557879391385147
        ],
        [
          0.548724302013558,
          0.9783783079560756,
          1.557879391385147,
          1.645541245792705
        ]
      ],
      "b_vector": [
        0.6285384304222161,
        0.27484914543987043,
        0.6045260065086546,
        0.404902082222416
      ]
    }
  ],
  "shots": 3000,
  "backend": "sv1",
  "device_arn": "SV1",
  "aws_region": "eu-west-2",
  "ideal_preprocessing_list": [
    [
      [
        -0.406242657105814,
        0.04628138022582919,
        1.2536261498742678,
        4.392123624007254
      ],
      [
        0.18819137006200246,
        0.10423576349128993,
        0.20394292346932197,
        0.9550529816771218
      ]
    ]
  ],
  "probability_threshold": 0,
  "k_qubits": 7,
  "preprocessing_mode": "ideal",
  "projection_mode": "all_components",
  "projection_subset": null,
  "num_solution_qubits": 2,
  "num_projections": 4,
  "projector_basis_states": [
    0,
    1,
    2,
    3
  ],
  "enhanced_projection_results": [
    {
      "problem_index": 0,
      "projection_tasks": [
        {
          "basis_state": 0,
          "task_id": "arn:aws:braket:eu-west-2:380012739362:quantum-task/999910e6-5a68-4c03-b946-61ef302aec5d",
          "shots": 3000,
          "projector_index": 0
        },
        {
          "basis_state": 1,
          "task_id": "arn:aws:braket:eu-west-2:380012739362:quantum-task/654a6a37-5cdb-4ee2-9481-addb031ee565",
          "shots": 3000,
          "projector_index": 1
        },
        {
          "basis_state": 2,
          "task_id": "arn:aws:braket:eu-west-2:380012739362:quantum-task/450a16ba-0ebd-4f7e-a77d-3bf03d2c19b5",
          "shots": 3000,
          "projector_index": 2
        },
        {
          "basis_state": 3,
          "task_id": "arn:aws:braket:eu-west-2:380012739362:quantum-task/046ddc33-fc5a-4551-991b-986487d623f1",
          "shots": 3000,
          "projector_index": 3
        }
      ],
      "depth": 1839,
      "num_projections": 4,
      "ideal_solution": [
        {
          "real": -0.07848578733184373,
          "imag": 0.0
        },
        {
          "real": 0.22586337346741514,
          "imag": 0.0
        },
        {
          "real": 0.7041983087382494,
          "imag": 0.0
        },
        {
          "real": -0.6685285780600623,
          "imag": 0.0
        }
      ]
    }
  ]
}