{
  "problem_list": [
    {
      "A_matrix": [
        [
          1.4894376668804605,
          0.9279844489647467
        ],
        [
          0.9279844489647467,
          1.6938512346472503
        ]
      ],
      "b_vector": [
        0.3679680200567164,
        0.9298384462988933
      ]
    }
  ],
  "shots": 3000,
  "backend": "sv1",
  "device_arn": "SV1",
  "aws_region": "eu-west-2",
  "ideal_preprocessing_list": [
    [
      [
        0.6580485187931812,
        2.5252403827345296
      ],
      [
        0.34639667261346596,
        0.9380881329610343
      ]
    ]
  ],
  "probability_threshold": 0,
  "k_qubits": 7,
  "preprocessing_mode": "ideal",
  "projection_mode": "all_components",
  "projection_subset": null,
  "num_solution_qubits": 1,
  "num_projections": 2,
  "projector_basis_states": [
    0,
    1
  ],
  "enhanced_projection_results": [
    {
      "problem_index": 0,
      "projection_tasks": [
        {
          "basis_state": 0,
          "task_id": "arn:aws:braket:eu-west-2:380012739362:quantum-task/4e20f281-1277-445f-a056-92c99186dfe4",
          "shots": 3000,
          "projector_index": 0
        },
        {
          "basis_state": 1,
          "task_id": "arn:aws:braket:eu-west-2:380012739362:quantum-task/a81e5d0e-97db-45af-bf2d-3b24bbb27523",
          "shots": 3000,
          "projector_index": 1
        }
      ],
      "depth": 817,
      "num_projections": 2,
      "ideal_solution": [
        {
          "real": -0.22378834332024466,
          "imag": 0.0
        },
        {
          "real": 0.9746377672725289,
          "imag": 0.0
        }
      ]
    }
  ]
}